September 2024 | run of site,,,,,,,,,,,
Advertiser,Rep,Imp. Goal,Start,End,Status,Notes,,,,,
Wolfgang Puck,Events,"555,000",8/1/24,12/31/24,Live,,,,,,
Wolfgang Puck,Events,"131,000",8/1/24,10/30/24,Live,,,,,,
Marigold Learning Academy,Kimberlee,"55,000",9/1/24,9/30/24,Completed,,,,,,
Stonebriar Centre Mall,Kimberlee,"55,000",9/1/24,9/30/24,Completed,,,,,,
Veritex Bank,Kimberlee,"55,000",9/1/24,9/30/24,Completed,,,,,,
White Rock Montessori,Kimberlee,"55,000",9/1/24,9/30/24,Completed,,,,,,
UT Southwestern Medical Center,Kym,"130,000",9/1/24,9/30/24,Completed,,,,,,
Amy Detwiler,Lisa,"85,000",8/21/24,9/21/24,Completed,,,,,,
Susan Baldwin,Lisa,"55,000",8/1/24,9/15/24,Completed,,,,,,
"The Foo Foo Festival/Pensacola, Florida",Lisa,"300,000",9/1/24,9/30/24,Completed,,,,,,
Dallas Cowboys,Trade,"405,000",8/1/24,9/30/24,Completed,,,,,,
Dallas Cowboys,Trade,"305,000",8/6/24,10/31/24,Live,,,,,,
M Crowd,Trade,,,,No assets,,,,,,
Fairmont Austin,Lisa,,,,No assets,,,,,,
Edgemere,Kimberlee,"55,000",9/6/24,9/30/24,Completed,,,,,,
Taqueria El Arquito,Kimberlee,"155,000",8/28/24,9/28/24,Completed,,,,,,
Black Tie Dinner,Events,"105,000",8/1/24,9/30/24,Completed,,,,,,
Heard Natural Science Muesum,Kimberlee,"105,000",9/7/24,10/6/24,Live,,,,,,
Graziano,Lisa,"105,000",8/13/24,9/13/24,Completed,,,,,,
SMU,Cami,"45,000",9/6/24,9/30/24,Completed,,,,,,
Take Over | run of site,,,,,,,,,,,
Dallas Cowboys,Trade,Side Dish,5/16/24,1/1/25,Live,,,,,,
BEK,Alex,Strongside,9/1/24,9/30/24,Live,,,,,,
BEK,Alex,Front Row,9/1/24,9/15/24,Live,,,,,,
BEK,Alex,Side Dish,9/1/24,9/30/24,Live,,,,,,
Long Cove,Lisa,D Home,9/9/24,9/30/24,Live,,,,,,
Long Cove,Lisa,Front Row,9/1/24,9/30/24,Live,,,,,,
,,,,,,,,,,,
October 2024 | run of site,,,,,,,,,,,
Advertiser,Rep,Imp. Goal,Start,End,Status,,,,,,
Blue Delta Jean,Kimberlee,"20,000",10/1/24,10/31/24,Completed,,,,,,
Hotel Vin,Emily,"55,000",10/1/24,10/31/24,Completed,,Inventory,,,,
Banfi,Alex,"105,001",10/1/24,10/31/24,Completed,,"Total: 5.06M
Sold: 1.5M",,,,
White Rock Montessori,Kimberlee,"105,000",10/1/24,10/31/24,Completed,,,,,,
UT Southwestern Medical Center,Kym,"55,000",10/1/24,10/31/24,Completed,,,,,,
Westin,Emily,"25,000",10/1/24,10/31/24,Completed,,,,,,
Susan Baldwin,Lisa,"55,000",9/16/24,10/15/24,Completed,,,,,,
Amy Detwiler,Lisa,"55,000",9/21/24,10/21/24,Completed,,,,,,
SMU,Cami,"25,000",10/1/24,10/31/24,Completed,,,,,,
Heard Natural Science Museum & Wildlife Sanctuary,Kimberlee,"55,000",10/1/24,10/31/24,Completed,,,,,,
Stonebriar Centre Mall,Kimberlee,"55,000",10/1/24,10/31/24,Completed,,,,,,
Dallas Arboretum and Botanical Gardens,Alex,"150,000",10/1/24,10/31/24,Completed,,,,,,
Motus Red,Events,"300,000",10/1/24,10/31/24,No assets,,,,,,
Wolfgang Puck - D Online,Events,"555,000",8/1/24,12/31/24,Live,,,,,,
Wolfgang Puck - Weddings,Events,"331,000",8/1/24,12/31/24,Live,,,,,,
"The Foo Foo Festival/Pensacola, Florida",Lisa,"300,000",10/1/24,10/31/24,Completed,,,,,,
Black Tie Dinner,Trade,"100,000",10/1/24,10/31/24,Completed,,,,,,
JW Marriott,Trade,"105,000",10/1/24,10/31/24,Completed,,,,,,
Winter Park,Lisa,"55,000",10/2/24,10/31/24,Completed,,,,,,
Dallas Arboretum and Botanical Gardens,Alex,"155,000",10/9/24,11/9/24,Live,,,,,,
,,,,,,,,,,,
Take Over | run of site,,,,,,,,,,,
Dallas Cowboys,Trade,Side Dish,5/16/24,1/1/25,Live,,,,,,
Dallas Cowboys,Trade,None,8/6/24,10/31/24,Completed,,,,,,
BEK,Alex,Strongside,11/1/24,11/30/24,Live,,,,,,
BEK,Alex,Front Row,11/1/24,11/15/24,Live,,,,,,
,,,,,,,,,,,
November 2024 | run of site,,,,,,,,,,,
Dallas Arboretum and Botanical Gardens,Alex,"55,000",11/1/24,11/30/24,Paused,,,,,,
Motusred ,Events,"305,000",11/1/24,11/30/24,No assets,,,,,,
Wolfgang Puck ,Events,"105,000",11/1/24,11/30/24,Completed,,,,,,
Heard Natural Science Museum & Wildlife Sanctuary,Kimberlee,"55,000",11/1/24,11/30/24,Completed,,,,,,
REV Entertainment ,Kimberlee,"105,000",11/1/24,11/30/24,Completed,,,,,,
Stonebriar Centre Mall,Kimberlee,"55,000",11/1/24,11/30/24,Completed,,,,,,
Tolleson Wealth ,Kimberlee,"105,000",11/1/24,11/30/24,Completed,,,,,,
Susan Baldwin,Lisa,"55,000",11/1/24,11/30/24,Completed,,,,,,
Graziano Matthews ,Lisa,"105,000",11/1/24,11/30/24,No assets,,,,,,
Winter Park ,Lisa,"55,000",11/1/24,11/30/24,Completed,,,,,,
JW Marriot,Trade,"105,000",11/1/24,11/30/24,Completed,,,,,,
Eiseman ,Alex,"155,000",11/6/24,11/30/24,Completed,,,,,,
Aurora Bennial,Kimberlee,"105,000",11/7/24,11/16/24,Completed,,,,,,
Bachendorf's Zenith,Lisa,"205,000",10/17/24,11/17/24,Completed,,,,,,
Bachendorf's TAG,Lisa,"205,000",11/21/24,11/30/24,Completed,,,,,,
Take Over | run of site,,,,,,,,,,,
Dallas Cowboys,Trade,None,5/16/24,1/1/25,Live,,,,,,
Dallas Cowboys,Trade,Strongside,11/1/24,11/15/24,No assets,,,,,,
Dallas Cowboys,Trade,None,11/14/24,11/30/24,Live,,,,,,
Dallas Cowboys,Trade,None,11/14/24,11/30/24,Live,,,,,,
Dallas Cowboys,Trade,None,11/14/24,11/30/24,Live,,,,,,
BEK,Alex,Front Row,11/1/24,11/15/24,Completed,,,,,,
Dallas Arboretum and Botanical Gardens,Alex,Home Page,11/1/24,11/30/24,Live,,,,,,
,,,,,,,,,,,
December 2024 | run of site,,,,,,,,,,,
Wolfgang Puck ,Events,"886,000",9/1/24,12/31/24,Completed,,,,,,
Heard Natural Science Museum & Wildlife Sanctuary,Kimberlee,"55,000",12/1/24,12/31/24,Completed,,,,,,
REV Entertainment ,Kimberlee,"105,000",12/1/24,12/31/24,Completed,,,,,,
Stonebriar Centre Mall,Kimberlee,"55,000",12/1/24,12/31/24,Completed,,,,,,
Susan Baldwin,Lisa,"55,000",12/1/24,12/31/24,Completed,,,,,,
Dallas Cowboys,Trade,"300,000",12/1/24,12/18/24,Completed,,,,,,
Dallas Cowboys,Trade,"200,000",12/1/24,12/31/24,Completed,,,,,,
Dallas Cowboys,Trade,"200,000",12/1/24,12/31/24,Completed,,,,,,
Dallas Arboretum and Botanical Gardens,Alex,"55,000",11/1/24,12/31/24,Completed,,,,,,
Longhorn Ballroom,Trade,"105,000",12/1/24,12/31/24,Completed,,,,,,
Virgin Hotels,Emily,"55,000",12/1/24,12/31/24,Completed,,,,,,
Motusred ,Events,"305,000",12/1/24,12/31/24,No assets,,,,,,
Graziano Matthews ,Lisa,"105,000",12/1/24,12/31/24,No assets,,,,,,
,,,,,,,,,,,
Take Over | run of site,,,,,,,,,,,
BEK,Alex,Front Row,12/1/24,12/15/24,Completed,,,,,,
Dallas Cowboys,Trade,Strongside,12/6/24,12/21/24,Completed,,,,,,
,,,,,,,,,,,
January 2025 | run of site,,,,,,,,,,,
Heard Natural Science Museum & Wildlife Sanctuary,Kimberlee,"55,000",1/1/25,1/31/25,Live,,,,,,
Susan Baldwin,Lisa,"55,000",1/1/25,1/31/25,Live,,,,,,
Dallas Cowboys,Trade,"100,000",1/6/25,2/5/25,Live,,,,,,
Blushington Blooms,Emily,"45,000",,,No assets,,,,,,
Hotel Vin,Emily,"45,000",1/27/25,2/27/25,Live,,,,,,
M Crowd ,Emily,"45,000",,,No assets,,,,,,
Warwick ,Emily,"45,000",1/1/25,1/31/25,Live,,,,,,
Motusred ,Trade,"300,000",,,No assets,,,,,,
Longhorn Ballroom ,Trade,"100,000",1/8/25,2/8/25,Live,,,,,,
Virgin Hotel,Emily,"45,000",1/27/25,2/27/25,Live,,,,,,
Sponsorships | run of site,,,,,,,,,,,
Dallas Cowboys,Trade,None,1/6/25,2/5/25,Live,,,,,,
Command Education,Kimberlee,Private Schools,9/1/24,2/1/25,Live,,,,,,
Command Education,Kimberlee,Highschools,9/1/24,2/1/25,Live,,,,,,
Goranson Bain Ausley ,Kym,Family Law,1/1/25,12/31/25,Live,,,,,,
Dallas Center for Dermatology and Aesthetics  ,Kym,Dermatology ,7/1/24,6/30/25,Live,,,,,,
Dale Greer ,Kym,General Dentistry,7/1/24,6/30/25,Live,,,,,,
John S. Michels ,Kym,Pain Management ,9/1/24,11/30/25,Live,,,,,,
Rogge Dunn Group ,Kym,Labor & Employment,4/1/24,3/31/25,Live,,,,,,
McClure Law Group,Kym,Family Law,1/1/25,12/31/25,Live,,,,,,
Hamlett & La Mastra ,Kym,Cosmetic Dentistry ,1/1/25,12/31/25,Live,,,,,,
Hamlett & La Mastra ,Kym,Dental - Main Search ,1/1/25,12/31/25,Live,,,,,,
,,,,,,,,,,,
February 2025 | run of site,,,,,,,,,,,
CLIENT,REP,IO,GAM LINK,STATUS,START,END,FLIGHT PACE,IMPRESSIONS,GOAL,GOAL PACE,NOTES
Hotel Vin,Emily,96203,https://admanager.google.com/1039436?pli=1#delivery/order/order_overview/order_id=3695031331,Completed,1/27/25,2/27/25,1200%,"79,997","80,000",100%,
Virgin Hotel,Emily,96292,https://admanager.google.com/1039436?pli=1#delivery/line_item/detail/line_item_id=6908136389&li_tab=settings,Completed,1/27/25,2/27/25,1200%,"105,010","105,000",100%,
Warwick ,Emily,96120,https://admanager.google.com/1039436?pli=1#delivery/order/order_overview/order_id=3682037714,Completed,2/1/25,2/28/25,1354%,"49,998","50,000",100%,
HALL Park Hotel ,Emily,96554,https://admanager.google.com/1039436?pli=1#delivery/order/order_overview/order_id=3703113983,Completed,2/5/25,2/28/25,1563%,"100,000","100,000",100%,
Blushington Blooms,Emily,96004,https://admanager.google.com/1039436?pli=1#delivery/order/order_overview/order_id=3704183695&tab=line_items,Completed,2/5/25,2/28/25,1563%,"100,004","100,000",100%,
Heard Natural Science Museum & Wildlife Sanctuary,Kimberlee,95797,https://admanager.google.com/1039436?pli=1#delivery/order/order_overview/order_id=3591228380,Completed,2/1/25,2/28/25,1354%,"55,003","55,000",100%,
Tupelo CVB ,Kimberlee,96127,https://admanager.google.com/1039436?pli=1#delivery/order/order_overview/order_id=3698307563&tab=line_items,Completed,2/1/25,2/28/25,1354%,"55,008","50,000",110%,
Susan Baldwin ,Lisa,92315,https://admanager.google.com/1039436?pli=1#delivery/order/order_overview/order_id=3162150129,Completed,2/1/25,2/28/25,1354%,"55,002","55,000",100%,
Vacation Artfully ,Lisa,96861,https://admanager.google.com/1039436?pli=1#delivery/order/order_overview/order_id=3711202542&tab=line_items,Live,2/14/25,3/14/25,1262%,"65,121","105,000",62%,
Detwiler + Wood ,Lisa,95973,https://admanager.google.com/1039436?pli=1#delivery/order/order_overview/order_id=3716105987&tab=line_items,Live,2/24/25,3/24/25,1228%,"27,603","105,000",26%,Bonused 50k
Dallas Cowboys,Trade,,,No assets,,,,,"300,000",,
Motusred ,Trade,,,No assets,,,,,"300,000",,
,,,,,,,,,,,
Sponsorships | run of site,,,,,,,,,,,
CLIENT,REP,SECTION,START,END,STATUS,IMPRESSIONS,,,,,
Dallas Cowboys,Trade,None,1/6/25,2/5/25,Live,"99,164",,,,,
Command Education,Kimberlee,Private Schools,9/1/24,2/1/25,Live,,,,,,
Command Education,Kimberlee,Highschools,9/1/24,2/1/25,Live,,,,,,
Goranson Bain Ausley ,Kym,Family Law,1/1/25,12/31/25,Live,,,,,,
Dallas Center for Dermatology and Aesthetics  ,Kym,Dermatology ,7/1/24,6/30/25,Live,,,,,,
Dale Greer ,Kym,General Dentistry,7/1/24,6/30/25,Live,,,,,,
John S. Michels ,Kym,Pain Management ,9/1/24,11/30/25,Live,,,,,,
Rogge Dunn Group ,Kym,Labor & Employment,4/1/24,3/31/25,Live,,,,,,
McClure Law Group,Kym,Family Law,1/1/25,12/31/25,Live,,,,,,
Hamlett & La Mastra ,Kym,Cosmetic Dentistry ,1/1/25,12/31/25,Live,,,,,,
Hamlett & La Mastra ,Kym,Dental - Main Search ,1/1/25,12/31/25,Live,,,,,,
Wysocki ,Kimberlee,Lawyer Look up,2/10/25,12/31/25,Live,,,,,,
Band of Insiders,Alex,Side Dish,,,Live,,,,,,
,,,,,,,,,,,
March 2025 | run of site,,,,,,,,,,,
CLIENT,REP,IO,GAM LINK,STATUS,START,END,PACE,IMPRESSIONS,GOAL,GOAL PACE,NOTES
Detwiler + Wood ,Lisa,95973,https://admanager.google.com/1039436?pli=1#delivery/order/order_overview/order_id=3698307563&tab=line_items,Completed,2/24/25,3/24/25,1228%,"105,000","105,000",100%,50k bonus from feb
HALL Park Hotel ,Emily,96554,https://admanager.google.com/1039436?pli=1#delivery/order/order_overview/order_id=3695031331,Completed,3/1/25,3/31/25,1132%,"104,699","100,000",105%,50k bonus
Hotel Vin,Emily,96203,https://admanager.google.com/1039436?pli=1#delivery/order/order_overview/order_id=3695031331,Completed,3/1/25,3/31/25,1132%,"104,771","100,000",105%,50k bonus
Warwick ,Emily,96120,https://admanager.google.com/1039436?pli=1#delivery/order/order_overview/order_id=3682037714,Completed,3/1/25,3/31/25,1132%,"104,996","100,000",105%,50k bonus
Heard Natural Science Museum & Wildlife Sanctuary,Kimberlee,95797,https://admanager.google.com/1039436?pli=1#delivery/order/order_overview/order_id=3704183695&tab=line_items,Completed,3/1/25,3/31/25,1132%,"154,997","100,000",155%,
Tupelo CVB ,Kimberlee,96127,https://admanager.google.com/1039436?pli=1#delivery/order/order_overview/order_id=3591228380,Completed,3/1/25,3/31/25,1132%,"55,003","50,000",110%,
Susan Baldwin ,Lisa,92315,https://admanager.google.com/1039436?pli=1#delivery/order/order_overview/order_id=3162150129,Completed,3/1/25,3/31/25,1132%,"104,999","100,000",105%,50k bonus
Vacation Artfully ,Lisa,96861,https://admanager.google.com/1039436?pli=1#delivery/order/order_overview/order_id=3711202542&tab=line_items,Completed,2/14/25,3/14/25,1262%,"105,011","105,000",100%,
Vacation Artfully ,Lisa,96861,https://admanager.google.com/1039436?pli=1#delivery/order/order_overview/order_id=3711202542&tab=line_items,Live,3/14/25,4/14/25,1056%,"59,632","100,000",60%,
Spark Farm ,Emily,98041,https://admanager.google.com/1039436?pli=1#delivery/order/order_overview/order_id=3722505064&tab=line_items,Completed,3/3/25,3/31/25,1203%,"54,336","55,000",99%,
Green Acres ,Susan,96737,https://admanager.google.com/1039436?pli=1#delivery/line_item/detail/line_item_id=6937159654&order_id=3721368680&li_tab=settings&sort_by=StartDateTime&sort_asc=false,Completed,3/4/25,3/31/25,1243%,"103,267","100,000",103%,
M Crowd ,Trade,96449,https://admanager.google.com/1039436?pli=1#delivery/order/order_overview/order_id=3725639166&tab=line_items,Completed,3/6/25,3/31/25,1331%,"147,934","150,000",99%,Bonus 50k
Susan Semmelman ,Kimberlee,96230,https://admanager.google.com/1039436?pli=1#delivery/order/order_overview/order_id=3727543334&tab=line_items,Completed,3/12/25,3/31/25,1700%,"29,457","25,000",118%,
Longhorn Ballroom,Trade,98043,https://admanager.google.com/1039436?pli=1#delivery/order/order_overview/order_id=3727637269,Completed,3/12/25,3/31/25,1700%,"55,307","105,000",53%,
Omni Barton Creek ,Lisa,,,No assets,,,,,"25,000",0%,"25k March, May, June and October "
Knife & Faulk ,Trade,,,No assets,,,,,,,
,,,,,,,,,,,
Sponsorships | run of site,,,,,,,,,,,
CLIENT,REP,SECTION,START,END,STATUS,IMPRESSIONS,,,,,
O'Neil Wysocki ,Kimberlee,Legal,3/1/25,3/31/25,No assets,,,,,,
Dallas Cowboys,Trade,None,1/6/25,2/5/25,Live,,,,,,
Command Education,Kimberlee,Private Schools,9/1/24,2/1/25,Live,,,,,,
Command Education,Kimberlee,Highschools,9/1/24,2/1/25,Live,,,,,,
Goranson Bain Ausley ,Kym,Family Law,1/1/25,12/31/25,Live,,,,,,
Dallas Center for Dermatology and Aesthetics  ,Kym,Dermatology ,7/1/24,6/30/25,Live,,,,,,
Dale Greer ,Kym,General Dentistry,7/1/24,6/30/25,Live,,,,,,
John S. Michels ,Kym,Pain Management ,9/1/24,11/30/25,Live,,,,,,
Rogge Dunn Group ,Kym,Labor & Employment,4/1/24,3/31/25,Live,,,,,,
McClure Law Group,Kym,Family Law,1/1/25,12/31/25,Live,,,,,,
Hamlett & La Mastra ,Kym,Cosmetic Dentistry ,1/1/25,12/31/25,Live,,,,,,
Hamlett & La Mastra ,Kym,Dental - Main Search ,1/1/25,12/31/25,Live,,,,,,
Wysocki ,Kimberlee,Lawyer Look up,2/10/25,12/31/25,Live,,,,,,
Hamlett & La Mastra ,Kym,Cosmetic Dentistry ,1/1/25,12/31/25,Live,,,,,,
Hamlett & La Mastra ,Kym,Dental - Main Search ,1/1/25,12/31/25,Live,,,,,,
Dale Greer ,Kym,General Dentistry,7/1/24,6/30/25,Live,,,,,,
Dallas Center for Dermatology and Aesthetics  ,Kym,Dermatology ,7/1/24,6/30/25,Live,,,,,,
John S. Michels ,Kym,Pain Management ,9/1/24,11/30/25,Live,,,,,,
Goranson Bain Ausley ,Kym,Family Law,1/1/25,12/31/25,Live,,,,,,
McClure Law Group,Kym,Family Law,1/1/25,12/31/25,Live,,,,,,
Rogge Dunn Group ,Kym,Labor & Employment,4/1/24,3/31/25,Live,,,,,,
Band of Insiders,Alex,Side Dish,2/27/25,3/26/25,Completed,,,,,,
Tequlia Ocho ,Alex,Front Row,3/4/25,4/1/25,Live,,,,,,
Tequlia Ocho ,Alex,Side Dish,3/4/25,4/15/25,Live,,,,,,
,,,,,,,,,,,
April 2025 | run of site,,,,,,,,,,,
CLIENT,REP,IO,GAM LINK,STATUS,START,END,PACE,IMPRESSIONS,GOAL,GOAL PACE,NOTES
HALL Park Hotel ,Emily,96554,https://admanager.google.com/1039436?pli=1#delivery/order/order_overview/order_id=3695031331,Completed,4/1/25,4/30/25,1067%,"105,000","105,000",100%,
Hotel Vin,Emily,96203,https://admanager.google.com/1039436?pli=1#delivery/order/order_overview/order_id=3695031331,Completed,4/1/25,4/30/25,1067%,"105,008","100,000",105%,
Spark Farm ,Emily,98041,https://admanager.google.com/1039436?pli=1#delivery/order/order_overview/order_id=3722505064&tab=line_items,Completed,4/1/25,4/30/25,1067%,"55,000","55,000",100%,
Warwick ,Emily,96120,https://admanager.google.com/1039436?pli=1#delivery/order/order_overview/order_id=3682037714,Completed,4/1/25,4/30/25,1067%,"104,992","100,000",105%,
Heard Natural Science Museum & Wildlife Sanctuary,Kimberlee,95797,https://admanager.google.com/1039436?pli=1#delivery/line_item/detail/line_item_id=6951806634&order_id=3591228380&reload=true&li_tab=settings,Completed,4/1/25,4/30/25,1067%,"154,994","155,000",100%,
Tupelo CVB ,Kimberlee,96127,https://admanager.google.com/1039436?pli=1#delivery/line_item/detail/line_item_id=6951812592&order_id=3698307563&reload=true&li_tab=settings,Completed,4/1/25,4/30/25,1067%,"54,999","55,000",100%,
Susan Baldwin ,Lisa,96243,https://admanager.google.com/1039436?pli=1#delivery/line_item/detail/line_item_id=6951813726&order_id=3162150129&reload=true&li_tab=settings,Completed,4/1/25,4/30/25,1067%,"105,001","100,000",105%,
Vacation Artfully ,Lisa,96861,https://admanager.google.com/1039436?pli=1#delivery/line_item/detail/line_item_id=6951814470&order_id=3711202542&reload=true&li_tab=settings,Live,4/15/25,5/15/25,987%,"71,959","105,000",69%,
Green Acres ,Susan,96737,https://admanager.google.com/1039436?pli=1#delivery/line_item/detail/line_item_id=6955624925&order_id=3721368680&reload=true&li_tab=settings,Completed,4/1/25,4/30/25,1067%,"104,997","100,000",105%,
SubZero,Susan,98165,https://admanager.google.com/1039436?pli=1#delivery/order/order_overview/order_id=3738431716&tab=line_items,Completed,4/1/25,4/30/25,1067%,"561,099","400,000",140%,
Everest Samples,N/A,98330,https://admanager.google.com/1039436?pli=1#delivery/order/order_overview/order_id=3741553654&tab=line_items,Live,4/1/25,4/30/25,1067%,"55,001","55,000",100%,
Busey Bank ,Lisa,97980,https://admanager.google.com/1039436?pli=1#delivery/order/order_overview/order_id=3742648058&tab=line_items,Live,4/4/25,6/30/25,360%,"38,892","105,000",37%,
Fields Preserve Investment Partners,Susan,98300,https://admanager.google.com/1039436?pli=1#delivery/order/order_overview/order_id=3746581679&tab=line_items,Live,4/9/25,5/9/25,1006%,"72,690","105,000",69%,
Omni Barton Creek,Lisa,96257,https://admanager.google.com/1039436?pli=1#delivery/order/order_overview/order_id=3751271663&tab=line_items,Live,4/16/25,5/16/25,984%,"67,929","105,000",65%,
Cowboys,Trade,93380,https://admanager.google.com/1039436?pli=1#delivery/line_item/detail/line_item_id=6982401553&order_id=3534904749&li_tab=settings&sort_by=StartDateTime&sort_asc=false,Live,4/30/25,7/30/25,316%,"20,078","300,000",7%,
Knife & Faulk ,Trade,,,,,,,,,,
Motusred ,Trade,,,,,,,,,,
,,,,,,,,,,,
Sponsorships | run of site,,,,,,,,,,,
CLIENT,REP,IO,SECTION,START,END,STATUS,IMPRESSIONS,,,,
O'Neil Wysocki ,Kimberlee,,Legal,3/1/25,3/31/25,Live,,,,,
Dallas Cowboys,Trade,,None,1/6/25,2/5/25,Live,,,,,
Command Education,Kimberlee,,Private Schools,9/1/24,2/1/25,Live,,,,,
Command Education,Kimberlee,,Highschools,9/1/24,2/1/25,Live,,,,,
Goranson Bain Ausley ,Kym,,Family Law,1/1/25,12/31/25,Live,,,,,
Dallas Center for Dermatology and Aesthetics  ,Kym,,Dermatology ,7/1/24,6/30/25,Live,,,,,
Dale Greer ,Kym,,General Dentistry,7/1/24,6/30/25,Live,,,,,
John S. Michels ,Kym,,Pain Management ,9/1/24,11/30/25,Live,,,,,
Rogge Dunn Group ,Kym,,Labor & Employment,4/1/24,3/31/25,Live,,,,,
McClure Law Group,Kym,,Family Law,1/1/25,12/31/25,Live,,,,,
Hamlett & La Mastra ,Kym,,Cosmetic Dentistry ,1/1/25,12/31/25,Live,,,,,
Hamlett & La Mastra ,Kym,,Dental - Main Search ,1/1/25,12/31/25,Live,,,,,
Wysocki ,Kimberlee,,Lawyer Look up,2/10/25,12/31/25,Live,,,,,
Hamlett & La Mastra ,Kym,,Cosmetic Dentistry ,1/1/25,12/31/25,Live,,,,,
Hamlett & La Mastra ,Kym,,Dental - Main Search ,1/1/25,12/31/25,Live,,,,,
Dale Greer ,Kym,,General Dentistry,7/1/24,6/30/25,Live,,,,,
Dallas Center for Dermatology and Aesthetics  ,Kym,,Dermatology ,7/1/24,6/30/25,Live,,,,,
John S. Michels ,Kym,,Pain Management ,9/1/24,11/30/25,Live,,,,,
Goranson Bain Ausley ,Kym,,Family Law,1/1/25,12/31/25,Live,,,,,
McClure Law Group,Kym,,Family Law,1/1/25,12/31/25,Live,,,,,
Rogge Dunn Group ,Kym,,Labor & Employment,4/1/24,3/31/25,Live,,,,,
Tequlia Ocho ,Alex,,Front Row,,,No assets,,,,,
Tequlia Ocho ,Alex,,Side Dish,,,No assets,,,,,
Band of Insiders,Alex,,Side Dish,2/27/25,4/5/25,Live,,,,,
CC Young ,Kimberlee,,Aging Well,4/8/25,11/31/25,Live,,,,,
,,,,,,,,,,,
May 2025 | run of site,,,,,,,,,,,
CLIENT,REP,IO,GAM LINK,STATUS,START,END,PACE,IMPRESSIONS,GOAL,GOAL PACE,NOTES
HALL Park Hotel ,Emily,96554,https://admanager.google.com/1039436?pli=1#delivery/order/order_overview/order_id=3695031331,Completed,5/1/25,5/31/25,935%,"105,001","105,000",100%,
Hotel Vin,Emily,96203,https://admanager.google.com/1039436?pli=1#delivery/order/order_overview/order_id=3695031331,Completed,5/1/25,5/31/25,935%,"104,997","105,000",100%,
Spark Farm ,Emily,98041,https://admanager.google.com/1039436?pli=1#delivery/order/order_overview/order_id=3722505064&tab=line_items,Completed,5/1/25,5/31/25,935%,"55,005","55,000",100%,
Warwick ,Emily,96120,https://admanager.google.com/1039436?pli=1#delivery/order/order_overview/order_id=3682037714,Completed,5/1/25,5/31/25,935%,"105,001","105,000",100%,
Heard Natural Science Museum & Wildlife Sanctuary,Kimberlee,95797,https://admanager.google.com/1039436?pli=1#delivery/line_item/detail/line_item_id=6951806634&order_id=3591228380&reload=true&li_tab=settings,Completed,5/1/25,5/31/25,935%,"154,970","155,000",100%,
Susan Semmelman ,Kimberlee,96230,https://admanager.google.com/1039436?pli=1#delivery/order/order_overview/order_id=3727543334&tab=line_items,Completed,5/1/25,5/31/25,935%,"30,007","30,000",100%,
Tupelo CVB ,Kimberlee,96127,https://admanager.google.com/1039436?pli=1#delivery/line_item/detail/line_item_id=6951812592&order_id=3698307563&reload=true&li_tab=settings,Completed,5/1/25,5/31/25,935%,"54,988","55,000",100%,
Susan Baldwin ,Lisa,96243,https://admanager.google.com/1039436?pli=1#delivery/line_item/detail/line_item_id=6951813726&order_id=3162150129&reload=true&li_tab=settings,Completed,5/1/25,5/31/25,935%,"104,974","55,000",191%,Bonus 50k
Fields Preserve Investment Partners,Susan,98300,https://admanager.google.com/1039436?pli=1#delivery/order/order_overview/order_id=3746581679&tab=line_items,Completed,5/1/25,5/31/25,935%,"105,002","105,000",100%,
SubZero,Susan,98165,https://admanager.google.com/1039436?pli=1#delivery/order/order_overview/order_id=3738431716&tab=line_items,Completed,5/1/25,5/31/25,935%,"298,996","400,000",75%,
Detwiler + Wood ,Lisa,95973,https://admanager.google.com/1039436?pli=1#delivery/order/order_overview/order_id=3698307563&tab=line_items,Completed,5/1/25,5/31/25,935%,"105,002","55,000",191%,
M Crowd ,Trade,96449,https://admanager.google.com/1039436?pli=1#delivery/order/order_overview/order_id=3725639166&tab=line_items,Completed,5/1/25,5/31/25,935%,"149,997","150,000",100%,
Busey Bank ,Lisa,97980,https://admanager.google.com/1039436?pli=1#delivery/order/order_overview/order_id=3742648058&tab=line_items,Live,4/4/25,6/30/25,360%,"71,982","105,000",69%,
Omni Barton Creek,Lisa,96257,https://admanager.google.com/1039436?pli=1#delivery/order/order_overview/order_id=3751271663&tab=line_items,Completed,4/16/25,5/16/25,984%,"105,000","105,000",100%,
Cowboys,Trade,93380,https://admanager.google.com/1039436?pli=1#delivery/line_item/detail/line_item_id=6982401553&order_id=3534904749&li_tab=settings&sort_by=StartDateTime&sort_asc=false,Live,4/30/25,7/30/25,316%,"110,846","300,000",37%,
Cowboys,Trade,93380,https://admanager.google.com/1039436?pli=1#delivery/line_item/detail/line_item_id=6982401553&order_id=3534904749&li_tab=settings&sort_by=StartDateTime&sort_asc=false,Completed,5/22/25,5/31/25,2690%,"100,004","100,000",100%,
PBR,Susan,98610,https://admanager.google.com/1039436?pli=1#delivery/order/order_overview/order_id=3765084160,Completed,5/5/25,5/17/25,2200%,"105,001","105,000",100%,
Tequlia Ocho ,Alex,98153,https://admanager.google.com/1039436?pli=1#delivery/order/order_overview/order_id=3771574452&tab=line_items,Completed,5/12/25,5/22/25,2536%,"104,994","105,000",100%,
Wolfgang Puck,Emily,98080,https://admanager.google.com/1039436#delivery/order/order_overview/order_id=3778149834&tab=line_items,Live,5/26/25,6/30/25,736%,"20,803","105,000",20%,
,,,,,,,,,,,
Sponsorships | run of site,,,,,,,,,,,
CLIENT,REP,IO,SECTION,START,END,STATUS,IMPRESSIONS,,,,
O'Neil Wysocki ,Kimberlee,,Legal,3/1/25,3/31/25,Live,,,,,
Command Education,Kimberlee,,Private Schools,9/1/24,2/1/25,Completed,,,,,
Command Education,Kimberlee,,Highschools,9/1/24,2/1/25,Completed,,,,,
Goranson Bain Ausley ,Kym,,Family Law,1/1/25,12/31/25,Live,,,,,
Dallas Center for Dermatology and Aesthetics  ,Kym,,Dermatology ,7/1/24,6/30/25,Live,,,,,
Dale Greer ,Kym,,General Dentistry,7/1/24,6/30/25,Live,,,,,
John S. Michels ,Kym,,Pain Management ,9/1/24,11/30/25,Live,,,,,
Rogge Dunn Group ,Kym,,Labor & Employment,4/1/24,3/31/25,Live,,,,,
McClure Law Group,Kym,,Family Law,1/1/25,12/31/25,Live,,,,,
Hamlett & La Mastra ,Kym,,Cosmetic Dentistry ,1/1/25,12/31/25,Live,,,,,
Hamlett & La Mastra ,Kym,,Dental - Main Search ,1/1/25,12/31/25,Live,,,,,
Wysocki ,Kimberlee,,Lawyer Look up,2/10/25,12/31/25,Live,,,,,
Hamlett & La Mastra ,Kym,,Cosmetic Dentistry ,1/1/25,12/31/25,Live,,,,,
Hamlett & La Mastra ,Kym,,Dental - Main Search ,1/1/25,12/31/25,Live,,,,,
Dale Greer ,Kym,,General Dentistry,7/1/24,6/30/25,Live,,,,,
Dallas Center for Dermatology and Aesthetics  ,Kym,,Dermatology ,7/1/24,6/30/25,Live,,,,,
John S. Michels ,Kym,,Pain Management ,9/1/24,11/30/25,Live,,,,,
Goranson Bain Ausley ,Kym,,Family Law,1/1/25,12/31/25,Live,,,,,
McClure Law Group,Kym,,Family Law,1/1/25,12/31/25,Live,,,,,
Rogge Dunn Group ,Kym,,Labor & Employment,4/1/24,3/31/25,Live,,,,,
Tequlia Ocho ,Alex,,Side Dish,5/1/25,5/31/25,Completed,,,,,
Band of Insiders,Alex,,Side Dish,2/27/25,4/5/25,Completed,,,,,
CC Young ,Kimberlee,,Aging Well,4/8/25,11/31/25,Live,,,,,
,,,,,,,,,,,
June 2025 | run of site,,,,,,,,,,,
CLIENT,REP,IO,GAM LINK,STATUS,START,END,PACE,IMPRESSIONS,GOAL,GOAL PACE,NOTES
HALL Park Hotel ,Emily,96554,https://admanager.google.com/1039436?pli=1#delivery/order/order_overview/order_id=3695031331,Completed,6/1/25,6/30/25,863%,"105,013","105,000",100%,
Hotel Vin,Emily,96203,https://admanager.google.com/1039436?pli=1#delivery/order/order_overview/order_id=3695031331,Completed,6/1/25,6/30/25,863%,"105,008","105,000",100%,
Spark Farm ,Emily,98041,https://admanager.google.com/1039436?pli=1#delivery/order/order_overview/order_id=3722505064&tab=line_items,Completed,6/1/25,6/30/25,863%,"55,001","55,000",100%,
Warwick ,Emily,96120,https://admanager.google.com/1039436?pli=1#delivery/order/order_overview/order_id=3682037714,Completed,6/1/25,6/30/25,863%,"105,000","105,000",100%,
Wolfgang,Emily,98080,https://admanager.google.com/1039436?pli=1#delivery/order/order_overview/order_id=3778149834,Completed,5/26/25,6/26/25,828%,"105,003","105,000",100%,
Heard Natural Science Museum & Wildlife Sanctuary,Kimberlee,95797,https://admanager.google.com/1039436?pli=1#delivery/line_item/detail/line_item_id=6951806634&order_id=3591228380&reload=true&li_tab=settings,Completed,6/1/25,6/30/25,863%,"105,001","105,000",100%,
Tupelo CVB ,Kimberlee,96127,https://admanager.google.com/1039436?pli=1#delivery/line_item/detail/line_item_id=6951812592&order_id=3698307563&reload=true&li_tab=settings,Completed,6/1/25,6/30/25,863%,"55,002","55,000",100%,
Susan Baldwin ,Lisa,96243,https://admanager.google.com/1039436?pli=1#delivery/line_item/detail/line_item_id=6951813726&order_id=3162150129&reload=true&li_tab=settings,Completed,6/1/25,6/30/25,863%,"105,005","55,000",191%,
Fields Preserve Investment Partners,Susan,98300,https://admanager.google.com/1039436?pli=1#delivery/order/order_overview/order_id=3746581679&tab=line_items,Completed,6/1/25,6/30/25,863%,"52,407","105,000",50%,
SubZero,Susan,98165,https://admanager.google.com/1039436?pli=1#delivery/order/order_overview/order_id=3738431716&tab=line_items,Completed,6/1/25,6/30/25,863%,"338,099","338,901",100%,
,,,,,,,,,,,
Sponsorships | run of site,,,,,,,,,,,
CLIENT,REP,IO,SECTION,START,END,STATUS,IMPRESSIONS,,,,
O'Neil Wysocki ,Kimberlee,,Legal,3/1/25,3/31/25,Completed,,,,,
Command Education,Kimberlee,,Private Schools,9/1/24,2/1/25,Completed,,,,,
Command Education,Kimberlee,,Highschools,9/1/24,2/1/25,Completed,,,,,
Goranson Bain Ausley ,Kym,,Family Law,1/1/25,12/31/25,Live,,,,,
Dallas Center for Dermatology and Aesthetics  ,Kym,,Dermatology ,7/1/24,6/30/25,Live,,,,,
Dale Greer ,Kym,,General Dentistry,7/1/24,6/30/25,Live,,,,,
John S. Michels ,Kym,,Pain Management ,9/1/24,11/30/25,Live,,,,,
Rogge Dunn Group ,Kym,,Labor & Employment,4/1/24,3/31/25,Completed,,,,,
McClure Law Group,Kym,,Family Law,1/1/25,12/31/25,Live,,,,,
Hamlett & La Mastra ,Kym,,Cosmetic Dentistry ,1/1/25,12/31/25,Live,,,,,
Hamlett & La Mastra ,Kym,,Dental - Main Search ,1/1/25,12/31/25,Live,,,,,
Wysocki ,Kimberlee,,Lawyer Look up,2/10/25,12/31/25,Live,,,,,
Hamlett & La Mastra ,Kym,,Cosmetic Dentistry ,1/1/25,12/31/25,Live,,,,,
Hamlett & La Mastra ,Kym,,Dental - Main Search ,1/1/25,12/31/25,Live,,,,,
Dale Greer ,Kym,,General Dentistry,7/1/24,6/30/25,Live,,,,,
Dallas Center for Dermatology and Aesthetics  ,Kym,,Dermatology ,7/1/24,6/30/25,Live,,,,,
John S. Michels ,Kym,,Pain Management ,9/1/24,11/30/25,Live,,,,,
Goranson Bain Ausley ,Kym,,Family Law,1/1/25,12/31/25,Live,,,,,
McClure Law Group,Kym,,Family Law,1/1/25,12/31/25,Live,,,,,
Rogge Dunn Group ,Kym,,Labor & Employment,4/1/24,3/31/25,Completed,,,,,
Tequlia Ocho ,Alex,,Side Dish,5/27/25,6/10/25,Completed,,,,,
Band of Insiders,Alex,,Side Dish,2/27/25,4/5/25,Completed,,,,,
CC Young ,Kimberlee,,Aging Well,4/8/25,11/31/25,Live,,,,,
Broadway Dallas ,Alex,,Front Row,6/9/25,6/13/25,Completed,,,,,
,,,,,,,,,,,
July 2025 | run of site,,,,,,,,,,,
CLIENT,REP,IO,GAM LINK,STATUS,START,END,PACE,IMPRESSIONS,GOAL,GOAL PACE,NOTES
HALL Park Hotel ,Emily,96554,https://admanager.google.com/1039436?pli=1#delivery/order/order_overview/order_id=3695031331,Completed,7/1/25,7/31/25,739%,"50,063","45,000",111%,
Hotel Vin,Emily,96203,https://admanager.google.com/1039436?pli=1#delivery/order/order_overview/order_id=3695031331,Completed,7/1/25,7/31/25,739%,"50,002","45,000",111%,
Warwick ,Emily,96120,https://admanager.google.com/1039436?pli=1#delivery/order/order_overview/order_id=3682037714,Completed,7/1/25,7/31/25,739%,"49,999","45,000",111%,
Wolfgang,Emily,98080,https://admanager.google.com/1039436?pli=1#delivery/order/order_overview/order_id=3778149834,Completed,7/7/25,8/8/25,676%,"104,991","105,000",100%,
Tupelo CVB ,Kimberlee,96127,https://admanager.google.com/1039436?pli=1#delivery/line_item/detail/line_item_id=6951812592&order_id=3698307563&reload=true&li_tab=settings,Completed,7/1/25,7/31/25,739%,"55,004","55,000",100%,
Susan Baldwin ,Lisa,96243,https://admanager.google.com/1039436?pli=1#delivery/line_item/detail/line_item_id=6951813726&order_id=3162150129&reload=true&li_tab=settings,Completed,7/1/25,7/31/25,739%,"104,999","55,000",191%,
Detwiler,Lisa,95973,https://admanager.google.com/1039436#delivery/order/order_overview/order_id=3716105987,Completed,7/1/25,7/31/25,739%,"55,010","55,000",14%,
SubZero,Susan,98165,https://admanager.google.com/1039436?pli=1#delivery/order/order_overview/order_id=3738431716&tab=line_items,Completed,7/1/25,7/31/25,739%,"400,013","400,000",381%,
Katy Trail 5k ,Trade,96428,https://admanager.google.com/1039436#delivery/order/order_overview/order_id=3794829263,Completed,7/1/25,7/31/25,739%,"105,006","105,000",100%,
Gilley's,Trade,98882,https://admanager.google.com/1039436#delivery/order/order_overview/order_id=3818142904,Live,7/1/25,7/31/25,739%,"52,478","105,000",50%,
,,,,,,,,,,,
Sponsorships | run of site,,,,,,,,,,,
CLIENT,REP,IO,SECTION,START,END,STATUS,IMPRESSIONS,,,,
O'Neil Wysocki ,Kimberlee,,Legal,3/1/25,3/31/25,Completed,,,,,
Command Education,Kimberlee,,Private Schools,9/1/24,2/1/25,Completed,,,,,
Command Education,Kimberlee,,Highschools,9/1/24,2/1/25,Completed,,,,,
Goranson Bain Ausley ,Kym,,Family Law,1/1/25,12/31/25,Live,,,,,
Dallas Center for Dermatology and Aesthetics  ,Kym,,Dermatology ,7/1/24,6/30/25,Live,,,,,
Dale Greer ,Kym,,General Dentistry,7/1/24,6/30/25,Live,,,,,
John S. Michels ,Kym,,Pain Management ,9/1/24,11/30/25,Live,,,,,
Rogge Dunn Group ,Kym,,Labor & Employment,4/1/24,3/31/25,Completed,,,,,
McClure Law Group,Kym,,Family Law,1/1/25,12/31/25,Live,,,,,
Hamlett & La Mastra ,Kym,,Cosmetic Dentistry ,1/1/25,12/31/25,Live,,,,,
Hamlett & La Mastra ,Kym,,Dental - Main Search ,1/1/25,12/31/25,Live,,,,,
Wysocki ,Kimberlee,,Lawyer Look up,2/10/25,12/31/25,Live,,,,,
Hamlett & La Mastra ,Kym,,Cosmetic Dentistry ,1/1/25,12/31/25,Live,,,,,
Hamlett & La Mastra ,Kym,,Dental - Main Search ,1/1/25,12/31/25,Live,,,,,
Dale Greer ,Kym,,General Dentistry,7/1/24,6/30/25,Live,,,,,
Dallas Center for Dermatology and Aesthetics  ,Kym,,Dermatology ,7/1/24,6/30/25,Live,,,,,
John S. Michels ,Kym,,Pain Management ,9/1/24,11/30/25,Live,,,,,
Goranson Bain Ausley ,Kym,,Family Law,1/1/25,12/31/25,Live,,,,,
McClure Law Group,Kym,,Family Law,1/1/25,12/31/25,Live,,,,,
Rogge Dunn Group ,Kym,,Labor & Employment,4/1/24,3/31/25,Completed,,,,,
Tequlia Ocho ,Alex,,Side Dish,5/27/25,6/10/25,Completed,,,,,
Band of Insiders,Alex,,Side Dish,2/27/25,4/5/25,Completed,,,,,
CC Young ,Kimberlee,,Aging Well,4/8/25,11/31/25,Live,,,,,
Broadway Dallas ,Alex,,Front Row,6/9/25,6/13/25,Completed,,,,,
Aug 2025 | run of site,,,,,,,,,,,
CLIENT,REP,IO,GAM LINK,STATUS,START,END,PACE,IMPRESSIONS,GOAL,GOAL PACE,NOTES
Gilley's,Trade,98882,https://admanager.google.com/1039436#delivery/order/order_overview/order_id=3818142904&tab=line_items,Completed,7/31/25,9/1/25,603%,"200,003","200,000",100%,
Wolfgang,Emily,98080,https://admanager.google.com/1039436?pli=1#delivery/order/order_overview/order_id=3778149834,Completed,8/1/25,8/31/25,639%,"105,000","105,000",100%,
HALL Park Hotel ,Emily,96554,https://admanager.google.com/1039436?pli=1#delivery/order/order_overview/order_id=3695031331,Completed,8/1/25,8/31/25,639%,"50,001","45,000",111%,
Hotel Vin,Emily,96203,https://admanager.google.com/1039436?pli=1#delivery/order/order_overview/order_id=3695031331,Completed,8/1/25,8/31/25,639%,"50,003","45,000",111%,
Warwick ,Emily,96120,https://admanager.google.com/1039436?pli=1#delivery/order/order_overview/order_id=3682037714,Completed,8/1/25,8/31/25,639%,"49,998","45,000",111%,
Tupelo CVB ,Kimberlee,96127,https://admanager.google.com/1039436?pli=1#delivery/line_item/detail/line_item_id=6951812592&order_id=3698307563&reload=true&li_tab=settings,Completed,8/1/25,8/31/25,639%,"104,998","55,000",191%,Bonus 50k
Susan Baldwin ,Lisa,96243,https://admanager.google.com/1039436?pli=1#delivery/line_item/detail/line_item_id=6951813726&order_id=3162150129&reload=true&li_tab=settings,Completed,8/1/25,8/31/25,639%,"104,995","55,000",191%,
SubZero,Susan,98165,https://admanager.google.com/1039436?pli=1#delivery/order/order_overview/order_id=3738431716&tab=line_items,Completed,8/1/25,8/31/25,639%,"399,998","400,000",191%,
BEK,Elizabeth,99021,https://admanager.google.com/1039436#delivery/order/order_overview/order_id=3800210806&tab=line_items,Completed,8/1/25,8/31/25,639%,"554,325",N/A,,
State Fair ,Cami,98408,https://admanager.google.com/1039436#delivery/order/order_overview/order_id=3819285738&tab=line_items,Completed,8/1/25,8/31/25,639%,"150,003","150,000",100%,Bonused 50k
Knife and Faulk,Trade,96892,https://admanager.google.com/1039436?pli=1#delivery/order/order_overview/order_id=3821238941&tab=line_items,Completed,8/1/25,8/31/25,639%,"105,005","210,000",50%,
Dallas Cowboys ,Trade,99361,https://admanager.google.com/1039436?pli=1#delivery/order/order_overview/order_id=3820563590,Completed,8/4/25,8/20/25,1147%,"304,998","300,000",102%,Bonus 100k
Dallas Cowboys ,Trade,99491,https://admanager.google.com/1039436#delivery/order/order_overview/order_id=3829051595&tab=line_items,Live,8/18/25,9/29/25,421%,"142,665","400,000",36%,
Dallas Cowboys ,Trade,99540,https://admanager.google.com/1039436#delivery/order/order_overview/order_id=3832265019&tab=line_items,Live,8/21/25,9/4/25,1187%,"126,492","205,000",62%,
Sicilian Butcher,Lisa,99313,https://admanager.google.com/1039436#creatives/creative/detail/line_item_id=7058834365&creative_id=138526082229,Live,8/11/25,9/11/25,588%,"215,651","300,000",72%,
Crown Block,Trade,99153,https://admanager.google.com/1039436#delivery/order/order_overview/order_id=3829930790&tab=line_items,Live,8/20/25,9/20/25,559%,44003,"105,000",42%,
Willow Bridge,N/A,99539,https://admanager.google.com/1039436#delivery/order/order_overview/order_id=3837850704&tab=line_items,Live,8/29/25,9/28/25,548%,39358,"300,000",13%,
A Little Party co.,Trade,98999,,No assets,8/1/25,8/31/25,639%,,"105,000",0%,
Sep 2025 | run of site,,,,,,,,,,,
CLIENT,REP,IO,GAM LINK,STATUS,START,END,PACE,IMPRESSIONS,GOAL,GOAL PACE,NOTES
Willow Bridge,N/A,99539,https://admanager.google.com/1039436#delivery/order/order_overview/order_id=3837850704&tab=line_items,Live,8/29/25,10/2/25,486%,"297,664","300,000",99%,
EVA Air,Alex,98500,https://admanager.google.com/1039436#delivery/order/order_overview/order_id=3837874284&tab=line_items,Completed,9/1/25,9/30/25,557%,"78,169","105,000",74%,
State Fair ,Cami,98408,https://admanager.google.com/1039436#delivery/order/order_overview/order_id=3819285738&tab=line_items,Completed,9/1/25,9/30/25,557%,"143,614","150,000",96%,
HALL Park Hotel ,Emily,96554,https://admanager.google.com/1039436?pli=1#delivery/order/order_overview/order_id=3695031331,Completed,9/1/25,9/30/25,557%,"49,236","45,000",109%,
Hotel Vin,Emily,96203,https://admanager.google.com/1039436?pli=1#delivery/order/order_overview/order_id=3695031331,Completed,9/1/25,9/30/25,557%,"48,937","45,000",109%,
Warwick ,Emily,96120,https://admanager.google.com/1039436?pli=1#delivery/order/order_overview/order_id=3682037714,Completed,9/1/25,9/30/25,557%,"48,930","45,000",109%,
Gilley's,Trade,98882,https://admanager.google.com/1039436#delivery/order/order_overview/order_id=3818142904&tab=line_items,Completed,9/1/25,9/30/25,557%,"100,515","105,000",96%,
Knife and Faulk,Trade,96892,https://admanager.google.com/1039436?pli=1#delivery/order/order_overview/order_id=3821238941&tab=line_items,Completed,9/1/25,9/30/25,557%,"100,491","105,000",96%,
Wolfgang,Trade,98080,https://admanager.google.com/1039436?pli=1#delivery/order/order_overview/order_id=3778149834,Completed,9/1/25,9/30/25,557%,"100,512","105,000",96%,
Crown Block,Trade,99153,https://admanager.google.com/1039436#delivery/order/order_overview/order_id=3829930790&tab=line_items,Completed,9/20/25,10/20/25,557%,"33,565","205,000",16%,
Susan Semmelmann,Kimberlee,96230,https://admanager.google.com/1039436?pli=1#delivery/order/order_overview/order_id=3727543334&tab=line_items,Completed,9/1/25,9/30/25,539%,"29,486","25,000",118%,
Tupelo CVB ,Kimberlee,96127,https://admanager.google.com/1039436?pli=1#delivery/line_item/detail/line_item_id=6951812592&order_id=3698307563&reload=true&li_tab=settings,Completed,9/1/25,9/30/25,557%,"53,945","55,000",98%,
Detwiler + Wood ,Lisa,95973,https://admanager.google.com/1039436?pli=1#delivery/order/order_overview/order_id=3698307563&tab=line_items,Completed,9/1/25,9/30/25,557%,"53,022","55,000",96%,
Susan Baldwin ,Lisa,96243,https://admanager.google.com/1039436?pli=1#delivery/line_item/detail/line_item_id=6951813726&order_id=3162150129&reload=true&li_tab=settings,Completed,9/1/25,9/30/25,557%,"53,945","55,000",98%,
SubZero,Susan,98165,https://admanager.google.com/1039436?pli=1#delivery/order/order_overview/order_id=3738431716&tab=line_items,Completed,9/1/25,9/30/25,557%,"619,410","600,000",103%,
Dallas Cowboys ,Trade,99491,https://admanager.google.com/1039436#delivery/order/order_overview/order_id=3829051595&tab=line_items,Completed,8/18/25,9/29/25,421%,"393,542","400,000",98%,
Dallas Cowboys ,Trade,99540,https://admanager.google.com/1039436#delivery/order/order_overview/order_id=3832265019&tab=line_items,Completed,8/21/25,9/4/25,1187%,"200,958","205,000",98%,
BEK,Elizabeth,99021,https://admanager.google.com/1039436#delivery/order/order_overview/order_id=3800210806,Live,9/1/25,10/3/25,506%,"974,690",N/A,,
Stokes,Kimberlee,99616,https://admanager.google.com/1039436#delivery/order/order_overview/order_id=3840771481&tab=line_items,Completed,9/3/25,9/30/25,589%,"195,295","205,000",95%,
LBJ Group,Rhett,99421,https://admanager.google.com/1039436?pli=1#delivery/order/order_overview/order_id=3835856614&tab=line_items,Completed,9/8/25,9/30/25,696%,"473,252","505,000",94%,
UNT Mayborn ,Trade,98849,https://admanager.google.com/1039436?pli=1#delivery/order/order_overview/order_id=3842806715&tab=line_items,Completed,9/8/25,9/30/25,696%,"75,697","105,000",72%,
Heard Science,Kimberlee,96577,https://admanager.google.com/1039436#delivery/order/order_overview/order_id=3849584086&tab=line_items,Completed,9/15/25,9/30/25,956%,"95,874","105,000",91%,
Foo Foo,Lisa,99669,https://admanager.google.com/1039436#delivery/order/order_overview/order_id=3840967142&tab=line_items,Completed,9/17/25,10/31/25,336%,"114,189","260,000",44%,
Motus Red ,Trade,95364,,No assets,,,,,,,
The Mason,Trade,98521,,No assets,,,,,,,
M Crowd ,Trade,99374,,No assets,,,,,,,
Oct 2025 | run of site,,,,,,,,,,,
CLIENT,REP,IO,GAM LINK,STATUS,START,END,PACE,IMPRESSIONS,GOAL,GOAL PACE,NOTES
Omni Barton Creek,Lisa,96275,https://admanager.google.com/1039436?pli=1#delivery/order/order_overview/order_id=3843973813&tab=line_items,Completed,10/1/25,10/31/25,442%,"29,999","30,000",100%,
Willow Bridge,N/A,99539,https://admanager.google.com/1039436#delivery/order/order_overview/order_id=3837850704&tab=line_items,Completed,8/29/25,10/2/25,486%,"304,061","300,000",101%,
EVA Air,Alex,98500,https://admanager.google.com/1039436#delivery/order/order_overview/order_id=3837874284&tab=line_items,Completed,9/1/25,10/2/25,522%,"104,415","105,000",99%,
Gilley's,Trade,98882,https://admanager.google.com/1039436#delivery/order/order_overview/order_id=3818142904&tab=line_items,Completed,10/1/25,10/31/25,442%,"105,001","105,000",100%,
Knife and Faulk,Trade,96892,https://admanager.google.com/1039436?pli=1#delivery/order/order_overview/order_id=3821238941&tab=line_items,Completed,10/1/25,10/31/25,442%,"404,992","405,000",100%,
Wolfgang,Trade,98080,https://admanager.google.com/1039436?pli=1#delivery/order/order_overview/order_id=3778149834,Completed,10/1/25,10/31/25,442%,"104,999","105,000",100%,
Heard Science,Kimberlee,96577,https://admanager.google.com/1039436#delivery/order/order_overview/order_id=3849584086&tab=line_items,Completed,10/1/25,10/31/25,442%,"105,002","105,000",100%,
Tupelo,Kimberlee,96127,https://admanager.google.com/1039436?pli=1#delivery/line_item/detail/line_item_id=6951812592&order_id=3698307563&reload=true&li_tab=settings,Completed,10/1/25,10/31/25,442%,"54,998","55,000",100%,
Susan Baldwin ,Lisa,96243,https://admanager.google.com/1039436?pli=1#delivery/line_item/detail/line_item_id=6951813726&order_id=3162150129&reload=true&li_tab=settings,Completed,10/1/25,10/31/25,442%,"54,995","55,000",100%,
SubZero,Susan,98165,https://admanager.google.com/1039436?pli=1#delivery/order/order_overview/order_id=3738431716&tab=line_items,Completed,10/1/25,10/31/25,442%,"493,892","513,923",96%,"20,031"
HALL Park Hotel ,Emily,96554,https://admanager.google.com/1039436?pli=1#delivery/order/order_overview/order_id=3695031331,Completed,10/1/25,10/31/25,442%,"50,007","45,000",111%,
Hotel Vin,Emily,96203,https://admanager.google.com/1039436?pli=1#delivery/order/order_overview/order_id=3695031331,Completed,10/1/25,10/31/25,442%,"49,983","45,000",111%,
Warwick ,Emily,96120,https://admanager.google.com/1039436?pli=1#delivery/order/order_overview/order_id=3682037714,Completed,10/1/25,10/31/25,442%,"49,987","45,000",111%,
Park Place ,Elizabeth,99676,https://admanager.google.com/1039436#delivery/order/order_overview/order_id=3860597483&tab=line_items,Completed,10/7/25,10/31/25,524%,"104,999","105,000",100%,
Black Tie Dinner,Trade,98141,https://admanager.google.com/1039436#delivery/order/order_overview/order_id=3863979818&tab=line_items,Completed,10/7/25,10/31/25,524%,"105,002","105,000",100%,
Nora Mental Health,N/A,99749,https://admanager.google.com/1039436#delivery/order/order_overview/order_id=3866502193&tab=line_items,Completed,10/9/25,10/31/25,561%,"54,779","55,000",100%,
M Crowd ,Trade,99374,https://admanager.google.com/1039436#delivery/order/order_overview/order_id=3869787013&tab=line_items,Completed,10/13/25,10/31/25,658%,"299,988","105,000",286%,
Cowboy,Trade,100002,https://admanager.google.com/1039436#delivery/order/order_overview/order_id=3872282874&tab=line_items,Completed,10/17/25,10/31/25,807%,"196,869","205,000",96%,
Mint Dentistry,Alex,96703,https://admanager.google.com/1039436#delivery/order/order_overview/order_id=3874162315&tab=line_items,Completed,10/20/25,10/31/25,983%,"104,997","105,000",100%,
Nantucket,Lisa,100048,https://admanager.google.com/1039436#delivery/order/order_overview/order_id=3880539102&tab=line_items,Live,10/27/25,12/5/25,278%,"26,023","105,000",25%,
Crown Block,Trade,99153,https://admanager.google.com/1039436#delivery/order/order_overview/order_id=3829930790&tab=line_items,Completed,10/20/25,10/31/25,522%,"204,994","205,000",100%,
BEK,Elizabeth,99021,https://admanager.google.com/1039436#delivery/order/order_overview/order_id=3800210806,Completed,10/3/25,11/3/25,422%,"542,134",N/A,,
Motus Red ,Trade,95364,,No assets,,,,,,,
The Mason,Trade,98521,,No assets,,,,,,,
Nov 2025 | run of site,,,,,,,,,,,
CLIENT,REP,IO,GAM LINK,STATUS,START,END,PACE,IMPRESSIONS,GOAL,GOAL PACE,NOTES
Nantucket,Lisa,100048,https://admanager.google.com/1039436#delivery/order/order_overview/order_id=3880539102&tab=line_items,Completed,10/27/25,12/5/25,278%,"105,012","105,000",,
Park Place ,Elizabeth,99676,https://admanager.google.com/1039436#delivery/order/order_overview/order_id=3860597483&tab=line_items,Completed,11/1/25,12/8/25,279%,"104,255","105,000",99%,
HALL Park Hotel ,Emily,96554,https://admanager.google.com/1039436?pli=1#delivery/order/order_overview/order_id=3695031331,Completed,11/1/25,11/30/25,279%,"45,409","45,000",101%,
Hotel Vin,Emily,96203,https://admanager.google.com/1039436?pli=1#delivery/order/order_overview/order_id=3695031331,Completed,11/1/25,11/30/25,353%,"45,430","45,000",101%,
Warwick ,Emily,96120,https://admanager.google.com/1039436?pli=1#delivery/order/order_overview/order_id=3682037714,Completed,11/1/25,11/30/25,353%,"45,555","45,000",101%,
Virgin Hotels,Elizabeth,96292,https://admanager.google.com/1039436#delivery/line_item/detail/line_item_id=7124118647&order_id=3658237433&li_tab=settings&reload=true,Completed,11/1/25,11/30/25,353%,"45,514","50,000",91%,
Gilley's,Trade,98882,https://admanager.google.com/1039436#delivery/order/order_overview/order_id=3818142904&tab=line_items,Completed,11/1/25,12/8/25,279%,"104,200","105,000",99%,
Knife and Faulk,Trade,96892,https://admanager.google.com/1039436?pli=1#delivery/order/order_overview/order_id=3821238941&tab=line_items,Completed,11/1/25,12/8/25,279%,"104,242","105,000",99%,
Wolfgang,Trade,98080,https://admanager.google.com/1039436?pli=1#delivery/order/order_overview/order_id=3778149834,Completed,11/1/25,11/30/25,353%,"161,222","105,000",154%,
Heard Science,Kimberlee,96577,https://admanager.google.com/1039436#delivery/order/order_overview/order_id=3849584086&tab=line_items,Completed,11/1/25,11/30/25,353%,"164,709","105,000",157%,
Tupelo CVB ,Kimberlee,96127,https://admanager.google.com/1039436?pli=1#delivery/line_item/detail/line_item_id=6951812592&order_id=3698307563&reload=true&li_tab=settings,Completed,11/1/25,11/30/25,353%,"50,172","55,000",91%,
Susan Baldwin ,Lisa,96243,https://admanager.google.com/1039436?pli=1#delivery/line_item/detail/line_item_id=6951813726&order_id=3162150129&reload=true&li_tab=settings,Completed,11/1/25,11/30/25,353%,"50,128","55,000",91%,
M Crowd ,Trade,99374,https://admanager.google.com/1039436#delivery/order/order_overview/order_id=3869787013&tab=line_items,Completed,11/1/25,12/8/25,279%,"302,788","305,000",99%,
Cowboys Xmas,Trade,100157,https://admanager.google.com/1039436#delivery/order/order_overview/order_id=3888415169&tab=line_items,Completed,11/10/25,12/20/25,237%,"498,153","500,000",100%,
Cowboys,Trade,100157,https://admanager.google.com/1039436#delivery/line_item/detail/line_item_id=7146338078&order_id=3888415169&li_tab=settings&reload=true,Completed,11/26/25,12/20/25,388%,"235,734",N/A,#VALUE!,
Cowboys Santa,Trade,100156,https://admanager.google.com/1039436#delivery/order/order_overview/order_id=3890496377&tab=line_items,Live,11/10/25,11/30/25,462%,"396,200","400,000",99%,
SubZero,Susan,98165,https://admanager.google.com/1039436?pli=1#delivery/order/order_overview/order_id=3738431716&tab=line_items,Completed,11/1/25,11/30/25,353%,"130,681",TBD,#VALUE!,"20,031"
Knox Street,Lisa,99964,https://admanager.google.com/1039436#delivery/order/order_overview/order_id=3893727114&tab=line_items,Completed,11/13/25,12/13/25,353%,"102,557","105,000",98%,
Bachendorfs,Lisa,100217,https://admanager.google.com/1039436#delivery/order/order_overview/order_id=3893500009&tab=line_items,Completed,11/13/25,12/13/25,353%,"200,927","205,000",98%,
Motus,Events,95364,https://admanager.google.com/1039436#delivery/order/order_overview/order_id=3896506252&tab=line_items,Completed,11/17/25,12/17/25,353%,"599,960","600,000",100%,
Southwest Christian Academy,Kimberlee,100084,https://admanager.google.com/1039436#delivery/order/order_overview/order_id=3897124768&tab=line_items,Completed,11/18/25,12/18/25,342%,"54,992","55,000",100%,
Wendy Krispin,Elizabeth,98082,,No assets,11/1/25,11/30/25,353%,,"50,000",0%,
Dec 2025 | run of site,,,,,,,,,,,
CLIENT,REP,IO,GAM LINK,STATUS,START,END,PACE,IMPRESSIONS,GOAL,GOAL PACE,NOTES
HALL Park Hotel ,Emily,96554,https://admanager.google.com/1039436?pli=1#delivery/order/order_overview/order_id=3695031331,Completed,12/1/25,12/31/25,100%,"42,382","45,000",94%,
Hotel Vin,Emily,96203,https://admanager.google.com/1039436?pli=1#delivery/order/order_overview/order_id=3695031331,Completed,12/1/25,12/31/25,100%,"42,403","45,000",94%,
Warwick ,Emily,96120,https://admanager.google.com/1039436?pli=1#delivery/order/order_overview/order_id=3682037714,Completed,12/1/25,12/31/25,100%,"42,803","45,000",95%,
Virgin Hotels,Elizabeth,96292,https://admanager.google.com/1039436#delivery/line_item/detail/line_item_id=7124118647&order_id=3658237433&li_tab=settings&reload=true,Completed,12/1/25,12/31/25,100%,"42,508","50,000",85%,
Wolfgang,Trade,98080,https://admanager.google.com/1039436?pli=1#delivery/order/order_overview/order_id=3778149834,Completed,12/26/25,1/26/26,100%,"40,587","55,000",74%,Make up 10k
Heard Science,Kimberlee,96577,https://admanager.google.com/1039436#delivery/order/order_overview/order_id=3849584086&tab=line_items,Completed,12/1/25,12/31/25,100%,"88,293","105,000",84%,
Tupelo CVB ,Kimberlee,96127,https://admanager.google.com/1039436?pli=1#delivery/line_item/detail/line_item_id=6951812592&order_id=3698307563&reload=true&li_tab=settings,Completed,12/1/25,12/31/25,100%,"47,336","55,000",86%,
Fidium Fiber,Lisa,99892,https://admanager.google.com/1039436#delivery/order/order_overview/order_id=3896479325&tab=line_items,Completed,12/1/25,12/31/25,100%,"45,679","55,000",83%,
Crown Block,Kimberlee,99153,https://admanager.google.com/1039436#delivery/order/order_overview/order_id=3829930790&tab=line_items,Completed,12/1/25,12/31/25,100%,"171,116","205,000",83%,
Banfi,Elizabeth,100049,https://admanager.google.com/1039436#delivery/order/order_overview/order_id=3901474016&tab=line_items,Completed,12/1/25,12/31/25,100%,"170,960","205,000",83%,
Winter Park Ski,Lisa,99423,https://admanager.google.com/1039436#delivery/order/order_overview/order_id=3910379225&tab=line_items,Completed,12/2/25,12/31/25,100%,"86,753","105,000",83%,
Nantucket,Lisa,100048,https://admanager.google.com/1039436#delivery/order/order_overview/order_id=3880539102&tab=line_items,Completed,10/27/25,12/5/25,100%,"105,012","105,000",,
Park Place ,Elizabeth,99676,https://admanager.google.com/1039436#delivery/order/order_overview/order_id=3860597483&tab=line_items,Completed,11/1/25,12/8/25,100%,"104,255","105,000",99%,
Gilley's,Trade,98882,https://admanager.google.com/1039436#delivery/order/order_overview/order_id=3818142904&tab=line_items,Completed,11/1/25,12/8/25,100%,"104,200","105,000",99%,
Knife and Faulk,Trade,96892,https://admanager.google.com/1039436?pli=1#delivery/order/order_overview/order_id=3821238941&tab=line_items,Completed,11/1/25,12/8/25,100%,"104,242","105,000",99%,
M Crowd ,Trade,99374,https://admanager.google.com/1039436#delivery/order/order_overview/order_id=3869787013&tab=line_items,Completed,11/1/25,12/8/25,100%,"302,788","305,000",99%,
Cowboys Xmas,Trade,100157,https://admanager.google.com/1039436#delivery/order/order_overview/order_id=3888415169&tab=line_items,Completed,11/10/25,12/20/25,100%,"498,153","500,000",100%,
Cowboys,Trade,100157,https://admanager.google.com/1039436#delivery/line_item/detail/line_item_id=7146338078&order_id=3888415169&li_tab=settings&reload=true,Completed,11/26/25,12/20/25,100%,"215,235",N/A,#VALUE!,
Cowboys Santa,Trade,100156,https://admanager.google.com/1039436#delivery/order/order_overview/order_id=3890496377&tab=line_items,Completed,11/10/25,12/13/25,100%,"396,200","400,000",99%,
Knox Street,Lisa,99964,https://admanager.google.com/1039436#delivery/order/order_overview/order_id=3893727114&tab=line_items,Completed,11/13/25,12/13/25,100%,"88,098","105,000",84%,
Bachendorfs,Lisa,100217,https://admanager.google.com/1039436#delivery/order/order_overview/order_id=3893500009&tab=line_items,Completed,11/13/25,12/13/25,100%,"183,371","205,000",89%,
Motus,Events,95364,https://admanager.google.com/1039436#delivery/order/order_overview/order_id=3896506252&tab=line_items,Completed,11/17/25,12/17/25,100%,"599,960","600,000",100%,
Southwest Christian Academy,Kimberlee,100084,https://admanager.google.com/1039436#delivery/order/order_overview/order_id=3897124768&tab=line_items,Completed,11/18/25,12/18/25,100%,"37,273","55,000",68%,
Wendy Krispin,Elizabeth,98082,https://admanager.google.com/1039436#delivery/order/order_overview/order_id=3912416801&tab=line_items,Completed,12/4/25,12/31/25,100%,"40,653","50,000",81%,
Susan Baldwin ,Lisa,96243,https://admanager.google.com/1039436#delivery/line_item/detail/line_item_id=7160019324&order_id=3162150129&li_tab=settings&reload=true,Completed,12/9/25,12/31/25,100%,"44,009","55,000",80%,
SubZero,Susan,98165,https://admanager.google.com/1039436?pli=1#delivery/order/order_overview/order_id=3738431716&tab=line_items,Completed,12/1/25,12/31/25,100%,"363,918",TBD,#VALUE!,"169,420"
Motus,Events,95364,https://admanager.google.com/1039436#delivery/order/order_overview/order_id=3896506252&tab=line_items,Completed,12/17/25,1/17/26,100%,"178,913","600,000",30%,
Emerald City Band,Trade,100390,https://admanager.google.com/1039436#delivery/order/order_overview/order_id=3926820377&tab=line_items,Completed,12/18/25,12/31/25,100%,"62,425","110,000",57%,
,,,,,,,,,,,
Jan 2025 | run of site,,,,,,,,,,,
CLIENT,REP,IO,GAM LINK,STATUS,START,END,PACE,IMPRESSIONS,GOAL,GOAL PACE,NOTES
Heard Science,Kimberlee,96577,https://admanager.google.com/1039436#delivery/order/order_overview/order_id=3849584086&tab=line_items,Completed,1/1/26,1/31/26,100%,"105,006","105,000",100%,
Winter Park Ski,Lisa,99423,https://admanager.google.com/1039436#delivery/order/order_overview/order_id=3910379225&tab=line_items,Completed,1/1/26,1/31/26,100%,"105,006","105,000",100%,
Susan Baldwin ,Lisa,96243,https://admanager.google.com/1039436#delivery/line_item/detail/line_item_id=7160019324&order_id=3162150129&li_tab=settings&reload=true,Completed,1/1/26,1/31/26,100%,"54,999","55,000",100%,
Wendy Krispin,Elizabeth,98082,https://admanager.google.com/1039436#delivery/order/order_overview/order_id=3912416801&tab=line_items,Completed,1/1/26,1/31/26,100%,"105,006","105,000",100%,D Weddings (dup in Jan)
Wolfgang,Trade,98080,https://admanager.google.com/1039436?pli=1#delivery/order/order_overview/order_id=3778149834,Completed,1/1/26,1/31/26,100%,"65,004","65,000",100%,D Weddings (+10K)
The Village Dallas,Elizabeth,100063,https://admanager.google.com/1039436#delivery/order/order_overview/order_id=3942133189&tab=line_items,Completed,1/1/26,1/31/26,100%,"50,005","50,000",100%,D Weddings
Emerald City Band,Trade,99395,https://admanager.google.com/1039436#delivery/line_item/detail/order_id=3926820377&line_item_id=7185446840&li_tab=settings,Completed,1/8/26,1/31/26,100%,"104,998","105,000",100%,
SubZero,Susan,98165,https://admanager.google.com/1039436?pli=1#delivery/order/order_overview/order_id=3738431716&tab=line_items,Completed,1/1/26,1/31/26,100%,"426,028","466,133",91%,"-40,105"
Hutchins BBQ,Rhett,100221,https://admanager.google.com/1039436?pli=1#delivery/order/order_overview/order_id=3961390722&tab=line_items,Live,1/22/26,2/22/26,75%,"37,711","105,000",36%,
Motus,Events,95364,https://admanager.google.com/1039436#delivery/order/order_overview/order_id=3896506252&tab=line_items,No assets,12/17/25,1/17/26,100%,"178,913","400,000",45%,PAUSED
Feb 2025 | run of site,,,,,,,,,,,
CLIENT,REP,IO,GAM LINK,STATUS,START,END,PACE,IMPRESSIONS,GOAL,GOAL PACE,NOTES
Emerald City Band,Trade,99395,https://admanager.google.com/1039436#delivery/line_item/detail/order_id=3926820377&line_item_id=7185446840&li_tab=settings,Live,2/1/26,2/28/26,50%,"33,044","105,000",31%,
Wolfgang,Trade,98080,https://admanager.google.com/1039436?pli=1#delivery/order/order_overview/order_id=3778149834,Live,2/1/26,2/28/26,50%,"16,795","55,000",31%,D Weddings
Tupelo,Kimberlee,96127,https://admanager.google.com/1039436?pli=1#delivery/order/order_overview/order_id=3698307563&tab=line_items,Live,2/1/26,2/28/26,50%,"17,423","55,000",32%,
Susan Baldwin ,Lisa,100169,https://admanager.google.com/1039436#delivery/line_item/detail/line_item_id=7160019324&order_id=3162150129&li_tab=settings&reload=true,Live,2/1/26,2/28/26,50%,"17,113","55,000",31%,
UTD,Lisa,100307,https://admanager.google.com/1039436?pli=1#delivery/order/order_overview/order_id=3968780077,Live,2/1/26,2/28/26,50%,"47,675","155,000",31%,
The Village Dallas,Elizabeth,100063,https://admanager.google.com/1039436#delivery/order/order_overview/order_id=3942133189&tab=line_items,Live,2/1/26,2/28/26,50%,"15,278","50,000",31%,D Weddings
Hutchins BBQ,Rhett,100221,https://admanager.google.com/1039436?pli=1#delivery/order/order_overview/order_id=3961390722&tab=line_items,Live,1/22/26,2/22/26,75%,"61,019","105,000",58%,
Gilley's,Trade,99429,https://admanager.google.com/1039436#delivery/order/order_overview/order_id=3818142904&tab=line_items,Live,2/1/26,2/28/26,50%,"28,847","105,000",27%,
SubZero,Susan,98165,https://admanager.google.com/1039436?pli=1#delivery/order/order_overview/order_id=3738431716&tab=line_items,Live,2/1/26,2/28/26,50%,"175,955","575,000",31%,
Detwiler ,Lisa,100337,,No assets,2/1/26,2/28/26,50%,,"55,000",0%,
Knife and Faulk,Trade,96892,,No assets,2/1/26,2/28/26,50%,,"55,000",0%,
Hotel Vin,Elizabeth,100516,,No assets,2/1/26,2/28/26,50%,,"50,000",0%,D Weddings (Dupe in LP)
March 2025 | run of site,,,,,,,,,,,
Gilley's,Trade,99429,https://admanager.google.com/1039436#delivery/order/order_overview/order_id=3818142904&tab=line_items,Ready,3/1/26,3/31/26,#NUM!,,"105,000",0%,
Susan Baldwin ,Lisa,100169,https://admanager.google.com/1039436#delivery/line_item/detail/line_item_id=7160019324&order_id=3162150129&li_tab=settings&reload=true,Ready,3/1/26,3/31/26,#NUM!,,"55,000",0%,
Tupelo,Kimberlee,96127,https://admanager.google.com/1039436?pli=1#delivery/order/order_overview/order_id=3698307563&tab=line_items,Ready,3/1/26,3/31/26,#NUM!,,"55,000",0%,
UTD,Lisa,100307,https://admanager.google.com/1039436?pli=1#delivery/order/order_overview/order_id=3968780077,Ready,3/1/26,3/31/26,#NUM!,,"155,000",0%,
Emerald City Band,Trade,99395,https://admanager.google.com/1039436#delivery/line_item/detail/order_id=3926820377&line_item_id=7185446840&li_tab=settings,Ready,3/1/26,3/31/26,#NUM!,,"105,000",0%,
Detwiler ,Lisa,100337,,No assets,3/1/26,3/31/26,#NUM!,,"55,000",0%,
Big D Party Rentals,Trade,100385,,No assets,3/1/26,3/31/26,#NUM!,,"105,000",0%,
Serve and Savour,Trade,100775,,No assets,3/1/26,3/31/26,#NUM!,,"105,000",0%,
Omni Barton Creek,Lisa,100493,,No assets,3/1/26,3/31/26,#NUM!,,"105,000",0%,